region,population,population_trend,population_per_of_rf,population_bad_region,real_incomes,real_incomes_trend,real_incomes_per_of_rf,real_incomes_bad_region,real_pay,real_pay_trend,real_pay_per_of_rf,real_pay_bad_region,poor,poor_trend,poor_per_of_rf,poor_bad_region,child_mortality_100k,child_mortality_100k_trend,child_mortality_100k_per_of_rf,child_mortality_100k_bad_region,disabled_100k,disabled_100k_trend,disabled_100k_per_of_rf,disabled_100k_bad_region,alco,alco_per_of_rf,alco_bad_region,drug,drug_trend,drug_per_of_rf,drug_bad_region,grp,grp_per_of_rf,grp_bad_region,constraint,constraint_per_of_rf,constraint_bad_region,living_area,living_area_per_of_rf,living_area_bad_region,very_bad_living_area,very_bad_living_area_per_of_rf,very_bad_living_area_bad_region,general_morbidity,general_morbidity_trend,general_morbidity_per_of_rf,general_morbidity_bad_region,congenital_malformation,congenital_malformation_trend,congenital_malformation_per_of_rf,congenital_malformation_bad_region,psychosis,psychosis_trend,psychosis_per_of_rf,psychosis_bad_region,teenage_pregnancy,teenage_pregnancy_trend,teenage_pregnancy_per_of_rf,teenage_pregnancy_bad_region,conditions_in_perinatal,conditions_in_perinatal_trend,conditions_in_perinatal_per_of_rf,conditions_in_perinatal_bad_region,newborn_100k,newborn_100k_trend,newborn_100k_per_of_rf,newborn_100k_bad_region,poverty_percent,poverty_percent_trend,poverty_percent_per_of_rf,poverty_percent_bad_region,poverty_socdem_children,poverty_socdem_children_trend,poverty_socdem_children_per_of_rf,poverty_socdem_children_bad_region,poverty_socdem_retired,poverty_socdem_retired_trend,poverty_socdem_retired_per_of_rf,poverty_socdem_retired_bad_region,poverty_socdem_employable,poverty_socdem_employable_trend,poverty_socdem_employable_per_of_rf,poverty_socdem_employable_bad_region,mining,mining_trend,mining_per_of_rf,mining_bad_region,manufacturing,manufacturing_trend,manufacturing_per_of_rf,manufacturing_bad_region,electricity,electricity_trend,electricity_per_of_rf,electricity_bad_region,water_supply,water_supply_trend,water_supply_per_of_rf,water_supply_bad_region,industrial_production,industrial_production_trend,industrial_production_per_of_rf,industrial_production_bad_region,retail,retail_per_of_rf,retail_bad_region,welfare_expense,welfare_expense_trend,welfare_expense_per_of_rf,welfare_expense_bad_region,population_children,population_employable,population_retired,children_serious_crimes,children_serious_crimes_trend,children_serious_crimes_per_of_rf,children_serious_crimes_bad_region,repeat_serious_crimes,repeat_serious_crimes_trend,repeat_serious_crimes_per_of_rf,repeat_serious_crimes_bad_region,drunk_serious_crimes,drunk_serious_crimes_trend,drunk_serious_crimes_per_of_rf,drunk_serious_crimes_bad_region,bad_region_sum
Алтайский край,2268179.0,-1,1.56,1,95.5,1,96.86,1,103.8,1,100.0,0,7.7,-1,73.33,0,4.0,-1,100.0,0,2589.0,-1,92.7,0,88.1,170.74,1,17.4,-1,172.28,1,291156.9,45.46,1,3.3,86.84,0,18.0,106.51,0,0.2,33.33,0,112764.7,1,143.46,1,200.1,-1,97.14,0,1272.1,-1,287.22,1,3.3,1,21.29,0,1127.7,-1,54.95,0,827.0,-1,86.15,1,17.5,-1,144.63,0,31.4,-1,79.09,0,9.2,1,176.92,1,59.4,1,107.61,1,9146146.1,1,0.06,0,361880102.22,1,0.76,0,44741016.3,-1,0.75,1,10454410.5,1,0.73,0,426221675.12,1,0.61,0,174321.0,64.42,0,29.7,1,139.44,0,18.9,55.3,25.8,26.0,1,92.86,0,18.0,1,90.0,0,14.0,1,77.78,0,11
Амурская область,772525.0,-1,0.53,1,100.3,1,101.72,0,105.2,1,101.35,0,9.7,0,92.38,0,5.0,-1,125.0,0,3047.0,-1,109.09,0,113.3,219.57,1,24.4,-1,241.58,1,571362.1,89.2,0,5.9,155.26,1,17.3,102.37,0,0.3,50.0,0,83412.0,1,106.12,1,370.1,1,179.66,1,446.7,-1,100.86,0,4.4,-1,28.39,0,3762.0,-1,183.31,1,939.0,-1,97.81,0,15.2,-1,125.62,0,38.4,-1,96.73,0,4.7,1,90.38,0,56.9,1,103.08,1,116722688.8,1,0.81,0,39093856.5,1,0.08,0,43000318.7,1,0.72,0,3471369.5,1,0.24,0,202288233.5,1,0.29,0,276635.0,102.23,0,21.7,-1,101.88,0,20.1,58.6,21.3,37.0,1,132.14,1,24.0,1,120.0,0,18.0,1,100.0,0,9
Архангельская область без Ненецкого АО,1069782.0,-1,0.73,1,98.4,1,99.8,0,102.9,1,99.13,0,6.8,-1,64.76,0,3.0,-1,75.0,0,2326.0,-1,83.28,0,64.7,125.39,0,9.2,1,91.09,0,514200.4,80.28,0,2.2,57.89,0,16.9,100.0,0,0.7,116.67,0,99842.1,-1,127.02,0,458.9,1,222.77,1,685.3,1,154.73,1,13.8,1,89.03,0,4145.0,-1,201.97,1,784.0,1,81.67,1,12.3,-1,101.65,0,28.5,-1,71.79,0,7.2,1,138.46,1,64.3,1,116.49,1,30698169.7,1,0.21,0,259143871.78,1,0.54,0,36359400.42,1,0.61,0,5852056.12,1,0.41,0,332053498.02,-1,0.48,1,280050.0,103.49,0,21.3,1,100.0,0,18.2,56.1,25.7,30.0,1,107.14,0,21.0,0,105.0,0,26.0,1,144.44,1,9
Астраханская область,989430.0,-1,0.68,1,97.1,1,98.48,0,104.5,1,100.67,0,6.6,-1,62.86,0,5.0,-1,125.0,0,1941.0,-1,69.5,0,22.2,43.02,0,0.2,-1,1.98,0,526950.9,82.27,0,3.1,81.58,0,19.2,113.61,0,0.2,33.33,0,64679.9,-1,82.29,0,415.1,1,201.5,1,624.5,-1,141.0,0,15.5,1,100.0,0,2484.4,-1,121.05,0,1073.0,-1,111.77,0,15.6,-1,128.93,0,42.1,1,106.05,1,5.5,1,105.77,1,52.4,-1,94.93,0,249844173.9,1,1.72,0,76028083.9,1,0.16,0,29929257.8,1,0.5,0,6497362.3,1,0.45,0,362298877.9,1,0.52,0,196096.0,72.47,0,31.4,1,147.42,0,20.6,56.2,23.2,35.0,1,125.0,1,20.0,1,100.0,0,10.0,-1,55.56,0,5
Белгородская область,1531917.0,1,1.05,0,98.1,-1,99.49,1,104.8,1,100.96,0,8.7,-1,82.86,0,4.0,-1,100.0,0,3696.0,-1,132.33,0,41.3,80.04,0,3.2,-1,31.68,0,646569.0,100.94,0,2.0,52.63,0,17.8,105.33,0,0.4,66.67,0,74637.4,-1,94.96,0,136.2,1,66.12,0,388.2,-1,87.65,0,0.0,-1,0.0,0,2424.0,-1,118.11,0,793.0,-1,82.6,1,7.2,-1,59.5,0,39.7,-1,100.0,0,5.2,-1,100.0,0,55.2,1,100.0,0,189803813.7,1,1.31,0,746380688.41,1,1.56,0,26787381.9,-1,0.45,1,11175025.3,1,0.78,0,974146909.31,1,1.4,0,259151.0,95.77,0,16.1,1,75.59,1,16.9,56.9,26.2,27.0,1,96.43,0,17.0,1,85.0,0,17.0,1,94.44,0,4
Брянская область,1168771.0,-1,0.8,1,96.3,1,97.67,0,102.9,1,99.13,0,8.2,-1,78.1,0,2.0,-1,50.0,0,3089.0,-1,110.6,0,82.2,159.3,1,6.1,-1,60.4,0,347204.5,54.21,0,0.6,15.79,0,24.1,142.6,0,0.0,0.0,0,77439.0,-1,98.52,0,192.1,1,93.25,0,411.3,-1,92.87,0,0.0,-1,0.0,0,519.8,-1,25.33,0,765.0,-1,79.69,1,13.6,-1,112.4,0,44.8,1,112.85,1,3.7,1,71.15,0,51.6,-1,93.48,0,310665.9,1,0.0,0,255686208.3,1,0.54,0,17876399.5,1,0.3,0,9588966.4,1,0.67,0,283462240.1,1,0.41,0,257679.0,95.22,0,23.1,-1,108.45,0,16.9,56.5,26.6,34.0,1,121.43,1,16.0,-1,80.0,0,12.0,-1,66.67,0,5
Владимирская область,1323659.0,-1,0.91,1,98.0,1,99.39,0,103.0,1,99.23,0,5.9,-1,56.19,0,5.0,-1,125.0,0,2757.0,-1,98.71,0,66.5,128.88,0,7.8,1,77.23,0,410443.6,64.08,0,2.5,65.79,0,16.1,95.27,0,0.0,0.0,0,94163.6,1,119.8,1,210.4,1,102.14,1,572.7,-1,129.31,0,22.5,1,145.16,1,1904.7,-1,92.81,0,729.0,-1,75.94,1,12.5,-1,103.31,0,39.7,-1,100.0,0,5.2,-1,100.0,0,55.2,1,100.0,0,4965110.5,1,0.03,0,526153656.11,1,1.1,0,37264660.97,1,0.63,0,12942570.39,1,0.91,0,581325997.97,1,0.83,0,207670.0,76.74,0,26.0,1,122.07,0,16.5,55.8,27.7,25.0,1,89.29,0,20.0,-1,100.0,0,20.0,-1,111.11,0,5
Волгоградская область,2449781.0,-1,1.68,1,98.7,1,100.1,0,104.2,1,100.39,0,7.0,-1,66.67,0,4.0,-1,100.0,0,2516.0,-1,90.08,0,55.6,107.75,0,7.7,-1,76.24,0,394256.5,61.55,0,3.3,86.84,0,17.9,105.92,0,0.6,100.0,0,64210.5,-1,81.69,0,122.5,-1,59.47,0,505.7,-1,114.18,0,15.5,-1,100.0,0,2335.3,-1,113.79,0,790.0,-1,82.29,1,11.9,-1,98.35,0,46.2,1,116.37,1,4.0,-1,76.92,0,49.8,1,90.22,0,34272695.0,1,0.24,0,775584323.2,1,1.62,0,72780640.71,1,1.22,0,21630796.2,1,1.51,0,904268455.11,1,1.3,0,194191.0,71.76,0,25.1,-1,117.84,0,17.0,57.1,25.9,32.0,1,114.29,0,18.0,1,90.0,0,17.0,1,94.44,0,3
Вологодская область,1139499.0,-1,0.78,1,99.6,1,101.01,0,105.4,1,101.54,0,6.7,-1,63.81,0,5.0,-1,125.0,0,2496.0,-1,89.37,0,50.1,97.09,0,6.1,-1,60.4,0,544379.2,84.99,0,2.9,76.32,0,16.9,100.0,0,0.3,50.0,0,91608.4,1,116.55,1,199.4,1,96.8,0,524.6,-1,118.45,0,3.3,1,21.29,0,1317.1,-1,64.18,0,905.0,-1,94.27,0,12.8,-1,105.79,0,43.1,1,108.56,1,2.3,-1,44.23,0,54.6,-1,98.91,0,612397.6,1,0.0,0,728137683.51,1,1.52,0,40112366.04,-1,0.67,1,8572731.6,1,0.6,0,777435178.75,1,1.12,0,208031.0,76.88,0,25.9,1,121.6,0,19.4,55.4,25.2,28.0,1,100.0,0,20.0,1,100.0,0,21.0,1,116.67,0,4
Воронежская область,2287678.0,-1,1.57,1,95.4,1,96.75,1,103.2,1,99.42,0,9.8,-1,93.33,0,4.0,-1,100.0,0,3142.0,-1,112.5,0,73.4,142.25,0,22.5,1,222.77,1,459629.5,71.76,0,1.6,42.11,0,19.9,117.75,0,0.1,16.67,0,55009.9,1,69.99,0,98.4,1,47.77,0,583.5,-1,131.75,0,4.2,1,27.1,0,1597.9,-1,77.86,0,806.0,-1,83.96,1,8.5,-1,70.25,0,28.5,-1,71.79,0,2.3,-1,44.23,0,69.2,1,125.36,1,9230600.5,1,0.06,0,552645129.4,1,1.16,0,137798961.7,1,2.31,0,18592053.8,1,1.3,0,718266745.4,1,1.03,0,296665.0,109.63,0,21.6,1,101.41,0,16.1,56.7,27.2,35.0,1,125.0,1,20.0,1,100.0,0,20.0,1,111.11,0,6
Еврейская автономная область,153831.0,-1,0.11,1,99.2,1,100.61,0,103.7,1,99.9,0,4.8,-1,45.71,0,12.0,-1,300.0,1,3143.0,-1,112.53,0,87.0,168.6,1,65.4,1,647.52,1,400340.5,62.5,0,4.6,121.05,0,13.8,81.66,1,0.5,83.33,0,70367.2,1,89.52,0,656.2,1,318.54,1,635.7,1,143.53,1,20.5,1,132.26,1,2536.7,-1,123.6,0,991.0,-1,103.23,0,23.6,1,195.04,1,34.8,1,87.66,0,10.8,1,207.69,1,54.4,-1,98.55,0,17093714.5,1,0.12,0,5460452.6,1,0.01,0,4967490.1,1,0.08,0,447750.1,-1,0.03,1,27969407.3,1,0.04,0,188492.0,69.66,0,31.2,1,146.48,0,20.7,58.0,21.3,25.0,1,89.29,0,26.0,1,130.0,1,29.0,1,161.11,1,13
Забайкальский край,1043467.0,-1,0.72,1,99.9,1,101.32,0,102.9,1,99.13,0,7.2,-1,68.57,0,9.0,-1,225.0,1,2945.0,-1,105.44,0,77.7,150.58,1,9.6,1,95.05,0,402594.6,62.85,0,5.1,134.21,0,17.1,101.18,0,0.9,150.0,0,65922.4,-1,83.87,0,237.5,1,115.29,1,482.7,-1,108.99,0,21.1,1,136.13,1,4769.4,-1,232.39,1,1137.0,-1,118.44,0,20.9,-1,172.73,1,33.4,-1,84.13,0,7.2,-1,138.46,0,59.3,1,107.43,1,171636571.6,1,1.18,0,29004343.5,1,0.06,0,34863653.0,1,0.58,0,4031109.7,1,0.28,0,239535677.8,1,0.34,0,188623.0,69.7,0,26.5,1,124.41,0,22.6,58.3,19.1,39.0,1,139.29,1,23.0,0,115.0,0,19.0,1,105.56,0,9
Ивановская область,976918.0,-1,0.67,1,97.2,-1,98.58,1,101.6,1,97.88,0,6.5,-1,61.9,0,2.0,-1,50.0,0,2504.0,-1,89.65,0,78.5,152.13,1,5.7,-1,56.44,0,273821.5,42.75,1,3.9,102.63,0,18.1,107.1,0,0.9,150.0,0,88473.5,1,112.56,1,270.4,-1,131.26,0,516.2,-1,116.55,0,0.0,-1,0.0,0,525.8,-1,25.62,0,742.0,-1,77.29,1,13.7,-1,113.22,0,39.7,1,100.0,0,5.2,-1,100.0,0,55.2,-1,100.0,0,1170505.2,1,0.01,0,184046210.8,1,0.39,0,28174991.4,-1,0.47,1,6394404.2,1,0.45,0,219786111.6,1,0.32,0,211546.0,78.17,0,25.1,-1,117.84,0,16.4,56.4,27.2,21.0,-1,75.0,0,20.0,-1,100.0,0,18.0,1,100.0,0,7
Иркутская область,2357134.0,-1,1.62,1,100.4,1,101.83,0,103.5,1,99.71,0,7.6,-1,72.38,0,6.0,-1,150.0,1,3701.0,-1,132.51,0,81.7,158.33,1,15.7,-1,155.45,1,631591.9,98.61,0,4.1,107.89,0,16.3,96.45,0,0.9,150.0,0,99980.3,1,127.2,1,242.2,1,117.57,1,567.7,-1,128.18,0,6.0,-1,38.71,0,1826.1,-1,88.98,0,1098.0,-1,114.38,0,17.6,-1,145.45,0,41.5,1,104.53,1,7.0,1,134.62,1,51.5,-1,93.3,0,533657684.0,1,3.68,0,531602808.9,1,1.11,0,131246617.9,1,2.2,0,21413422.2,1,1.5,0,1217920533.0,1,1.75,0,200034.0,73.92,0,28.6,1,134.27,0,22.1,56.7,21.2,23.0,-1,82.14,0,21.0,-1,105.0,0,19.0,0,105.56,0,8
Кабардино-Балкарская Республика,870487.0,-1,0.6,1,98.7,1,100.1,0,105.0,1,101.16,0,7.9,-1,75.24,0,6.0,-1,150.0,1,3335.0,-1,119.41,0,51.6,100.0,0,10.0,-1,99.01,0,210674.1,32.89,1,3.0,78.95,0,18.9,111.83,0,0.5,83.33,0,44792.0,1,56.99,0,150.2,-1,72.91,0,224.4,-1,50.67,0,8.2,-1,52.9,0,2332.2,1,113.64,1,1204.0,-1,125.42,0,24.2,-1,200.0,1,35.9,1,90.43,0,6.7,-1,128.85,0,57.4,1,103.99,1,386863.6,1,0.0,0,38751605.03,1,0.08,0,9541947.9,1,0.16,0,1424813.7,1,0.1,0,50105229.93,1,0.07,0,217260.0,80.29,0,34.4,1,161.5,0,21.6,58.7,19.7,23.0,0,82.14,0,21.0,-1,105.0,0,10.0,-1,55.56,0,6
Калининградская область,1027678.0,1,0.71,0,99.2,1,100.61,0,99.2,1,95.57,1,5.8,-1,55.24,0,4.0,-1,100.0,0,2213.0,-1,79.23,0,79.1,153.29,1,4.2,-1,41.58,0,530036.9,82.75,0,5.9,155.26,1,15.6,92.31,0,1.5,250.0,1,82758.6,1,105.29,1,388.8,1,188.74,1,360.7,-1,81.44,0,0.0,-1,0.0,0,917.8,-1,44.72,0,874.0,-1,91.04,0,13.5,-1,111.57,0,29.1,-1,73.3,0,6.1,-1,117.31,0,64.8,1,117.39,1,14788998.7,1,0.1,0,579414803.93,1,1.21,0,49918467.8,1,0.84,0,7709618.2,1,0.54,0,651831888.63,1,0.94,0,218937.0,80.91,0,12.6,1,59.15,1,17.8,58.3,23.9,21.0,1,75.0,0,16.0,1,80.0,0,15.0,0,83.33,0,8
Калужская область,1012844.0,-1,0.7,1,99.2,1,100.61,0,102.4,1,98.65,0,6.1,-1,58.1,0,3.0,-1,75.0,0,2628.0,-1,94.09,0,58.1,112.6,0,6.0,1,59.41,0,558174.6,87.14,0,3.3,86.84,0,15.5,91.72,0,0.0,0.0,0,75548.6,1,96.12,0,149.3,-1,72.48,0,468.4,-1,105.76,0,0.0,-1,0.0,0,1281.9,-1,62.46,0,863.0,-1,89.9,1,9.7,-1,80.17,0,39.7,-1,100.0,0,5.2,-1,100.0,0,55.2,1,100.0,0,4778744.1,1,0.03,0,883848076.8,1,1.85,0,25199220.5,1,0.42,0,10263402.5,1,0.72,0,924089443.9,1,1.33,0,235693.0,87.1,0,16.9,-1,79.34,1,17.1,56.7,26.2,31.0,1,110.71,0,22.0,1,110.0,0,23.0,1,127.78,1,4
Камчатский край,312704.0,-1,0.21,1,102.1,1,103.55,0,103.8,1,100.0,0,8.3,-1,79.05,0,5.0,-1,125.0,0,1825.0,-1,65.34,0,63.1,122.29,0,9.2,1,91.09,0,942802.0,147.19,0,5.1,134.21,0,15.9,94.08,0,2.0,333.33,1,77458.3,-1,98.54,0,229.0,1,111.17,1,513.7,-1,115.99,0,0.0,-1,0.0,0,658.3,-1,32.08,0,988.0,-1,102.92,0,14.6,-1,120.66,0,42.6,-1,107.3,0,5.9,1,113.46,1,51.5,-1,93.3,0,30559560.7,1,0.21,0,123011432.7,1,0.26,0,22291178.2,1,0.37,0,2952087.6,1,0.21,0,178814259.1,1,0.26,0,239715.0,88.58,0,13.3,1,62.44,1,18.8,62.1,19.1,31.0,-1,110.71,0,22.0,-1,110.0,0,20.0,-1,111.11,0,5
Карачаево-Черкесская Республика,464219.0,1,0.32,0,97.3,1,98.68,0,107.0,1,103.08,0,5.5,-1,52.38,0,5.0,-1,125.0,0,6230.0,-1,223.06,1,21.7,42.05,0,5.4,-1,53.47,0,207471.5,32.39,1,5.8,152.63,1,18.3,108.28,0,1.7,283.33,1,63347.1,1,80.59,0,86.1,-1,41.8,0,236.4,-1,53.38,0,15.5,0,100.0,0,1335.1,-1,65.05,0,961.0,-1,100.1,0,23.2,-1,191.74,1,27.6,-1,69.52,0,6.9,-1,132.69,0,65.5,1,118.66,1,2713194.6,1,0.02,0,26494436.7,1,0.06,0,9824939.7,1,0.16,0,1536797.5,1,0.11,0,40569368.5,-1,0.06,1,95066.0,35.13,1,26.5,1,124.41,0,19.8,58.6,21.6,30.0,1,107.14,0,18.0,1,90.0,0,10.0,-1,55.56,0,8
Кемеровская область,2604272.0,-1,1.79,1,98.1,1,99.49,0,100.6,1,96.92,1,6.9,-1,65.71,0,5.0,-1,125.0,0,3053.0,-1,109.31,0,39.7,76.94,0,11.8,-1,116.83,0,392374.9,61.26,0,3.1,81.58,0,16.3,96.45,0,0.1,16.67,0,86241.9,1,109.72,1,409.9,1,198.98,1,564.9,-1,127.55,0,7.0,-1,45.16,0,2356.5,-1,114.82,0,824.0,-1,85.83,1,13.2,-1,109.09,0,39.7,-1,100.0,0,4.5,-1,86.54,0,55.8,1,101.09,1,722401467.5,1,4.98,0,621927423.81,1,1.3,0,101545151.8,1,1.7,0,69932690.3,1,4.89,0,1515806733.41,-1,2.18,0,176024.0,65.05,0,23.0,1,107.98,0,19.2,56.5,24.3,25.0,1,89.29,0,17.0,-1,85.0,0,16.0,-1,88.89,0,6
Кировская область,1234780.0,-1,0.85,1,97.8,1,99.19,0,104.1,1,100.29,0,5.8,-1,55.24,0,5.0,-1,125.0,0,2571.0,-1,92.05,0,56.4,109.3,0,4.1,-1,40.59,0,315153.9,49.2,1,3.2,84.21,0,14.9,88.17,1,0.3,50.0,0,74475.5,1,94.75,0,107.2,1,52.04,0,446.1,-1,100.72,0,10.2,-1,65.81,0,2641.8,-1,128.72,0,820.0,-1,85.42,1,14.0,-1,115.7,0,40.8,1,102.77,1,3.4,-1,65.38,0,55.7,-1,100.91,0,1400797.26,1,0.01,0,255581757.88,1,0.53,0,40318238.26,1,0.68,0,8820146.16,1,0.62,0,306120939.56,1,0.44,0,190042.0,70.23,0,27.6,1,129.58,0,18.2,53.7,28.1,28.0,1,100.0,0,18.0,1,90.0,0,18.0,1,100.0,0,5
Костромская область,620776.0,-1,0.43,1,97.3,-1,98.68,1,98.6,1,94.99,1,5.6,-1,53.33,0,3.0,-1,75.0,0,3000.0,-1,107.41,0,61.1,118.41,0,8.9,1,88.12,0,323951.6,50.58,0,3.7,97.37,0,14.5,85.8,1,0.9,150.0,0,71386.8,1,90.82,0,134.9,1,65.49,0,446.5,-1,100.81,0,18.9,-1,121.94,0,896.1,-1,43.66,0,783.0,-1,81.56,1,12.5,-1,103.31,0,39.9,-1,100.5,0,6.6,1,126.92,1,53.5,1,96.92,0,1151136.2,1,0.01,0,137460634.8,1,0.29,0,32142719.0,-1,0.54,1,3817116.6,1,0.27,0,174571606.6,1,0.25,0,217379.0,80.33,0,22.5,1,105.63,0,18.4,54.8,26.8,31.0,1,110.71,0,19.0,0,95.0,0,16.0,1,88.89,0,7
Краснодарский край,5687378.0,1,3.91,0,100.4,1,101.83,0,103.2,1,99.42,0,11.3,-1,107.62,0,4.0,-1,100.0,0,2777.0,-1,99.43,0,18.3,35.47,0,3.9,-1,38.61,0,460720.2,71.93,0,3.7,97.37,0,18.1,107.1,0,1.0,166.67,0,67335.5,1,85.67,0,147.5,-1,71.6,0,277.7,-1,62.7,0,5.9,-1,38.06,0,1528.5,-1,74.48,0,1041.0,-1,108.44,0,10.4,-1,85.95,0,39.3,-1,98.99,0,6.9,-1,132.69,0,53.8,1,97.46,0,24330834.5,1,0.17,0,918998326.79,1,1.92,0,113499769.26,1,1.9,0,30522965.28,-1,2.14,0,1087351895.83,-1,1.56,0,335663.0,124.04,0,25.7,1,120.66,0,19.0,56.5,24.5,28.0,1,100.0,0,19.0,1,95.0,0,18.0,1,100.0,0,0
Красноярский край,2849169.0,-1,1.96,1,99.8,1,101.22,0,105.5,1,101.64,0,9.3,-1,88.57,0,6.0,-1,150.0,1,2680.0,-1,95.95,0,69.1,133.91,0,14.9,-1,147.52,1,951613.7,148.57,0,3.8,100.0,0,16.6,98.22,0,0.8,133.33,0,78434.8,1,99.79,0,165.5,-1,80.34,0,565.5,-1,127.68,0,5.5,1,35.48,0,1241.1,-1,60.47,0,998.0,-1,103.96,0,17.0,-1,140.5,0,35.8,-1,90.18,0,4.8,-1,92.31,0,59.4,1,107.61,1,635615997.3,1,4.38,0,1727194113.6,1,3.61,0,174520929.7,1,2.93,0,33840312.56,1,2.37,0,2571171353.16,1,3.69,0,222969.0,82.4,0,24.8,1,116.43,0,20.0,58.4,21.6,31.0,1,110.71,0,21.0,1,105.0,0,19.0,1,105.56,0,4
Курганская область,805510.0,-1,0.55,1,97.8,1,99.19,0,104.3,1,100.48,0,6.7,-1,63.81,0,5.0,-1,125.0,0,3059.0,-1,109.52,0,77.8,150.78,1,22.5,-1,222.77,1,294464.0,45.97,1,3.9,102.63,0,16.7,98.82,0,0.9,150.0,0,96602.5,1,122.9,1,288.1,1,139.85,1,835.3,-1,188.6,1,4.6,-1,29.68,0,1338.4,-1,65.21,0,882.0,-1,91.88,0,19.3,-1,159.5,1,39.4,0,99.24,0,2.4,-1,46.15,0,58.2,1,105.43,1,3393374.8,1,0.02,0,123383789.96,1,0.26,0,19464469.3,-1,0.33,1,3400843.9,-1,0.24,1,149642477.96,1,0.21,0,163801.0,60.53,0,26.1,1,122.54,0,19.4,52.8,27.8,38.0,1,135.71,1,21.0,1,105.0,0,13.0,-1,72.22,0,12
Курская область,1083584.0,-1,0.74,1,97.8,1,99.19,0,105.3,1,101.45,0,7.9,-1,75.24,0,3.0,-1,75.0,0,4544.0,-1,162.69,1,51.3,99.42,0,5.2,-1,51.49,0,487030.7,76.04,0,1.7,44.74,0,17.1,101.18,0,0.0,0.0,0,54094.0,-1,68.82,0,139.5,1,67.72,0,398.4,-1,89.95,0,0.0,0,0.0,0,1086.0,-1,52.92,0,803.0,-1,83.65,1,9.9,-1,81.82,0,34.2,-1,86.15,0,6.5,-1,125.0,0,59.2,1,107.25,1,104702314.0,1,0.72,0,210207310.4,1,0.44,0,57324742.9,-1,0.96,1,6601104.2,-1,0.46,1,378835471.5,1,0.54,0,238933.0,88.3,0,23.2,1,108.92,0,17.0,55.7,27.3,33.0,1,117.86,0,16.0,1,80.0,0,15.0,1,83.33,0,6
Ленинградская область,1911586.0,1,1.31,0,100.8,-1,102.23,0,101.1,1,97.4,0,7.2,-1,68.57,0,2.0,-1,50.0,0,1987.0,-1,71.14,0,35.3,68.41,0,8.6,-1,85.15,0,661328.6,103.25,0,4.5,118.42,0,17.0,100.59,0,1.6,266.67,1,66653.9,1,84.8,0,123.9,1,60.15,0,457.1,-1,103.21,0,5.2,-1,33.55,0,1080.2,-1,52.63,0,691.0,-1,71.98,1,8.7,-1,71.9,0,39.7,1,100.0,0,5.2,-1,100.0,0,55.2,-1,100.0,0,15391484.6,1,0.11,0,1091256081.5,1,2.28,0,169188746.4,1,2.84,0,21499182.3,1,1.5,0,1297335494.8,1,1.86,0,298432.0,110.28,0,16.7,-1,78.4,1,15.7,58.9,25.4,32.0,1,114.29,0,28.0,1,140.0,1,24.0,1,133.33,1,5
Липецкая область,1113680.0,-1,0.77,1,94.9,-1,96.25,1,103.3,1,99.52,0,8.6,-1,81.9,0,3.0,-1,75.0,0,3362.0,-1,120.37,0,68.6,132.95,0,5.7,-1,56.44,0,546151.3,85.27,0,4.0,105.26,0,16.5,97.63,0,0.0,0.0,0,66621.8,-1,84.76,0,60.0,-1,29.13,0,468.1,-1,105.69,0,3.8,-1,24.52,0,1896.7,-1,92.42,0,797.0,-1,83.02,1,8.4,-1,69.42,0,40.0,-1,100.76,0,0.8,-1,15.38,0,59.3,1,107.43,1,6843657.3,1,0.05,0,737842641.0,1,1.54,0,23272161.3,-1,0.39,1,11323568.2,-1,0.79,1,779282027.8,1,1.12,0,272834.0,100.82,0,22.3,1,104.69,0,17.1,55.8,27.1,26.0,1,92.86,0,15.0,-1,75.0,0,15.0,1,83.33,0,6
Магаданская область,137767.0,-1,0.09,1,104.3,1,105.78,0,105.0,1,101.16,0,10.5,1,100.0,0,5.0,-1,125.0,0,1822.0,-1,65.23,0,127.0,246.12,1,6.2,-1,61.39,0,2035007.0,317.71,0,4.1,107.89,0,13.8,81.66,1,0.0,0.0,0,67012.9,-1,85.26,0,202.9,1,98.5,0,444.8,-1,100.43,0,0.0,-1,0.0,0,1798.8,-1,87.65,0,860.0,-1,89.58,1,8.7,-1,71.9,0,39.7,1,100.0,0,5.2,-1,100.0,0,55.2,-1,100.0,0,38636039.2,1,0.27,0,209854248.97,1,0.44,0,18150890.9,1,0.3,0,1134119.7,1,0.08,0,267775298.77,1,0.38,0,289171.0,106.86,0,11.1,1,52.11,1,18.4,61.1,20.5,23.0,1,82.14,0,27.0,1,135.0,1,24.0,1,133.33,1,7
Москва,12635466.0,1,8.68,0,100.2,1,101.62,0,103.1,1,99.33,0,11.5,-1,109.52,0,4.0,-1,100.0,0,2115.0,-1,75.73,0,23.1,44.77,0,8.7,-1,86.14,0,1567644.8,244.75,0,5.3,139.47,0,13.8,81.66,1,0.2,33.33,0,64633.3,-1,82.23,0,150.2,-1,72.91,0,276.2,-1,62.36,0,0.0,-1,0.0,0,232.3,-1,11.32,0,1039.0,1,108.23,0,6.0,-1,49.59,0,38.4,1,96.73,0,13.2,1,253.85,1,48.5,-1,87.86,0,1092663698.4,1,7.54,0,7529104650.3,1,15.76,0,964262427.1,1,16.18,0,195176446.2,1,13.66,0,9781207222.0,1,14.04,0,477554.0,176.48,0,17.5,1,82.16,1,15.8,57.8,26.4,43.0,1,153.57,1,29.0,-1,145.0,1,29.0,0,161.11,1,6
Московская область,7768878.0,1,5.34,0,97.8,-1,99.19,1,101.8,1,98.07,0,9.0,-1,85.71,0,4.0,-1,100.0,0,1828.0,-1,65.45,0,37.7,73.06,0,11.0,-1,108.91,0,683845.1,106.76,0,4.4,115.79,0,14.8,87.57,1,0.5,83.33,0,70054.0,1,89.12,0,90.1,1,43.74,0,423.5,-1,95.62,0,3.8,-1,24.52,0,1707.1,-1,83.18,0,954.0,1,99.38,0,6.8,-1,56.2,0,49.9,1,125.69,1,5.7,-1,109.62,0,44.4,-1,80.43,0,13840410.0,1,0.1,0,3116645931.94,1,6.52,0,278649519.01,-1,4.68,0,114241824.81,1,8.0,0,3523377685.76,1,5.06,0,422211.0,156.02,0,19.4,-1,91.08,1,18.4,58.9,22.7,32.0,1,114.29,0,22.0,-1,110.0,0,21.0,-1,116.67,0,4
Мурманская область,724452.0,-1,0.5,1,100.4,1,101.83,0,105.1,1,101.25,0,5.8,-1,55.24,0,5.0,-1,125.0,0,1586.0,1,56.78,0,48.3,93.6,0,6.2,-1,61.39,0,1072337.1,167.42,0,3.7,97.37,0,17.7,104.73,0,0.6,100.0,0,87319.0,1,111.09,1,72.3,-1,35.1,0,449.0,-1,101.38,0,20.4,1,131.61,1,4250.5,-1,207.11,1,823.0,-1,85.73,1,10.1,-1,83.47,0,43.7,1,110.08,1,0.4,-1,7.69,0,55.8,1,101.09,1,199187594.0,1,1.37,0,745236878.3,1,1.56,0,54903783.96,-1,0.92,1,9779329.72,1,0.68,0,1009107586.0,1,1.45,0,262676.0,97.07,0,22.8,1,107.04,0,18.5,60.5,21.0,25.0,1,89.29,0,20.0,1,100.0,0,21.0,1,116.67,0,8
Ненецкий автономный округ,44540.0,1,0.03,0,101.1,1,102.54,0,101.4,1,97.69,0,12.0,-1,114.29,1,7.0,-1,175.0,1,2507.0,-1,89.76,0,181.8,352.33,1,2.3,-1,22.77,0,5206287.1,812.82,0,0.4,10.53,0,20.9,123.67,0,4.1,683.33,1,138231.7,-1,175.86,1,853.1,1,414.13,1,903.3,-1,203.95,1,0.0,-1,0.0,0,1676.3,-1,81.68,0,1246.0,-1,129.79,0,9.4,1,77.69,0,39.7,-1,100.0,0,5.2,-1,100.0,0,55.2,1,100.0,0,255509734.0,1,1.76,0,1713211.5,1,0.0,0,5041518.4,1,0.08,0,691191.95,1,0.05,0,262955655.85,-1,0.38,1,235547.0,87.04,0,14.4,-1,67.61,1,24.1,57.7,18.2,33.0,-1,117.86,0,23.0,1,115.0,0,16.0,1,88.89,0,9
Нижегородская область,3144254.0,-1,2.16,1,95.2,1,96.55,1,102.8,1,99.04,0,9.7,-1,92.38,0,3.0,-1,75.0,0,2520.0,-1,90.23,0,44.4,86.05,0,7.0,-1,69.31,0,497418.6,77.66,0,2.7,71.05,0,17.5,103.55,0,0.2,33.33,0,91127.3,1,115.93,1,412.4,1,200.19,1,330.7,-1,74.67,0,4.2,-1,27.1,0,737.3,-1,35.93,0,822.0,-1,85.62,1,9.4,-1,77.69,0,31.7,-1,79.85,0,3.8,-1,73.08,0,64.5,1,116.85,1,1474376.8,1,0.01,0,1356573016.08,1,2.84,0,108269824.66,1,1.82,0,34461742.3,1,2.41,0,1500778959.84,1,2.15,0,278659.0,102.98,0,22.2,1,104.23,0,17.2,56.4,26.4,23.0,1,82.14,0,18.0,-1,90.0,0,18.0,0,100.0,0,6
Новгородская область,586129.0,-1,0.4,1,96.8,1,98.17,0,102.4,1,98.65,0,6.9,-1,65.71,0,4.0,-1,100.0,0,2920.0,-1,104.55,0,55.2,106.98,0,9.4,-1,93.07,0,471333.3,73.59,0,1.2,31.58,0,17.6,104.14,0,0.0,0.0,0,88536.3,-1,112.64,0,133.0,-1,64.56,0,408.0,-1,92.12,0,14.0,1,90.32,0,500.0,-1,24.36,0,772.0,-1,80.42,1,13.6,-1,112.4,0,40.1,1,101.01,1,1.3,-1,25.0,0,58.6,-1,106.16,0,962587.4,1,0.01,0,208251704.2,1,0.44,0,19773169.6,1,0.33,0,3380896.0,1,0.24,0,232368357.2,1,0.33,0,232454.0,85.9,0,25.3,1,118.78,0,17.7,54.4,27.9,32.0,1,114.29,0,24.0,1,120.0,0,17.0,1,94.44,0,3
Новосибирская область,2780292.0,1,1.91,0,99.8,1,101.22,0,102.9,1,99.13,0,8.7,-1,82.86,0,5.0,-1,125.0,0,2531.0,1,90.62,0,33.8,65.5,0,20.6,-1,203.96,1,485981.4,75.87,0,4.5,118.42,0,16.3,96.45,0,1.1,183.33,0,77378.7,1,98.44,0,125.8,-1,61.07,0,339.4,-1,76.63,0,3.1,-1,20.0,0,3768.9,-1,183.64,1,1016.0,-1,105.83,0,13.8,-1,114.05,0,34.1,1,85.89,0,4.4,-1,84.62,0,61.5,1,111.41,1,51475249.3,1,0.36,0,564073883.19,1,1.18,0,68675540.86,1,1.15,0,23785897.42,1,1.66,0,708010570.77,1,1.02,0,241409.0,89.21,0,25.4,1,119.25,0,19.3,57.3,23.4,27.0,1,96.43,0,22.0,1,110.0,0,24.0,1,133.33,1,4
Омская область,1879548.0,-1,1.29,1,97.3,1,98.68,0,103.7,1,99.9,0,8.6,-1,81.9,0,3.0,-1,75.0,0,2531.0,-1,90.62,0,29.9,57.95,0,7.7,-1,76.24,0,398641.0,62.24,0,2.6,68.42,0,16.9,100.0,0,0.3,50.0,0,85381.7,1,108.63,1,256.1,1,124.32,1,394.1,-1,88.98,0,10.5,-1,67.74,0,2741.1,1,133.56,1,918.0,-1,95.62,0,13.6,-1,112.4,0,38.8,-1,97.73,0,5.1,1,98.08,0,56.2,1,101.81,1,2061436.0,-1,0.01,1,865391001.81,1,1.81,0,53184668.8,1,0.89,0,13718542.9,1,0.96,0,934355649.51,1,1.34,0,211880.0,78.3,0,29.0,1,136.15,0,19.7,56.3,24.0,37.0,1,132.14,1,22.0,1,110.0,0,19.0,-1,105.56,0,7
Оренбургская область,1924578.0,-1,1.32,1,97.7,1,99.09,0,103.8,1,100.0,0,7.3,-1,69.52,0,4.0,-1,100.0,0,2929.0,-1,104.87,0,93.6,181.4,1,3.7,-1,36.63,0,538971.9,84.15,0,3.3,86.84,0,19.0,112.43,0,1.0,166.67,0,79188.8,-1,100.75,0,322.9,-1,156.75,0,677.8,-1,153.04,0,23.5,1,151.61,1,892.4,-1,43.48,0,933.0,-1,97.19,0,14.0,-1,115.7,0,42.8,-1,107.81,0,3.3,-1,63.46,0,53.9,1,97.64,0,481121953.2,1,3.32,0,310290124.42,1,0.65,0,65022981.07,1,1.09,0,24327045.9,1,1.7,0,880762104.59,1,1.26,0,198494.0,73.35,0,26.6,-1,124.88,0,20.2,55.9,23.9,29.0,-1,103.57,0,17.0,-1,85.0,0,15.0,-1,83.33,0,3
Орловская область,714094.0,-1,0.49,1,98.6,1,100.0,0,103.7,1,99.9,0,7.9,-1,75.24,0,5.0,-1,125.0,0,2795.0,-1,100.07,0,90.3,175.0,1,4.4,1,43.56,0,390170.2,60.91,0,6.3,165.79,1,18.8,111.24,0,0.3,50.0,0,94883.0,1,120.71,1,315.4,1,153.11,1,604.7,-1,136.53,0,11.7,-1,75.48,0,828.3,-1,40.36,0,744.0,-1,77.5,1,12.9,-1,106.61,0,41.5,1,104.53,1,8.0,1,153.85,1,50.5,-1,91.49,0,264510.4,1,0.0,0,132055767.3,1,0.28,0,13424737.5,1,0.23,0,4207389.8,1,0.29,0,149952405.0,1,0.22,0,223131.0,82.46,0,25.0,1,117.37,0,16.4,55.7,27.9,31.0,1,110.71,0,18.0,1,90.0,0,15.0,0,83.33,0,8
Пензенская область,1274062.0,-1,0.88,1,100.4,1,101.83,0,102.9,-1,99.13,1,7.1,-1,67.62,0,3.0,-1,75.0,0,2471.0,-1,88.47,0,129.8,251.55,1,6.2,-1,61.39,0,379820.4,59.3,0,3.9,102.63,0,16.9,100.0,0,0.1,16.67,0,73083.1,-1,92.98,0,74.4,-1,36.12,0,843.3,-1,190.4,1,3.5,-1,22.58,0,3096.5,-1,150.88,0,724.0,-1,75.42,1,13.0,-1,107.44,0,32.7,-1,82.37,0,12.8,1,246.15,1,54.5,-1,98.73,0,1858515.4,1,0.01,0,262498489.0,1,0.55,0,21705316.7,-1,0.36,1,7271692.2,1,0.51,0,293334013.3,1,0.42,0,199270.0,73.64,0,22.4,1,105.16,0,15.9,55.6,28.5,29.0,1,103.57,0,18.0,1,90.0,0,15.0,1,83.33,0,7
Пермский край,2556852.0,-1,1.76,1,95.1,1,96.45,1,103.7,1,99.9,0,8.6,-1,81.9,0,4.0,-1,100.0,0,2485.0,-1,88.97,0,95.3,184.69,1,11.7,-1,115.84,0,541930.2,84.61,0,3.1,81.58,0,16.0,94.67,0,0.4,66.67,0,94982.5,1,120.84,1,526.2,1,255.44,1,661.2,-1,149.29,0,46.4,1,299.35,1,3956.1,-1,192.76,1,974.0,-1,101.46,0,13.3,-1,109.92,0,41.5,1,104.53,1,3.7,-1,71.15,0,54.8,-1,99.28,0,289888517.5,1,2.0,0,1059475304.6,1,2.22,0,122566259.43,1,2.06,0,27709999.85,-1,1.94,0,1499640081.38,1,2.15,0,239837.0,88.63,0,23.0,1,107.98,0,20.4,56.2,23.4,33.0,1,117.86,0,21.0,1,105.0,0,20.0,1,111.11,0,8
Приморский край,1863011.0,-1,1.28,1,96.9,1,98.28,0,103.1,1,99.33,0,8.2,-1,78.1,0,5.0,-1,125.0,0,2283.0,-1,81.74,0,64.1,124.22,0,35.5,1,351.49,1,582950.7,91.01,0,3.1,81.58,0,15.7,92.9,0,1.4,233.33,1,72917.4,1,92.77,0,170.9,-1,82.96,0,661.8,-1,149.42,0,30.6,1,197.42,1,1292.8,-1,62.99,0,927.0,-1,96.56,0,13.0,-1,107.44,0,49.6,1,124.94,1,4.2,-1,80.77,0,46.2,-1,83.7,0,23985049.45,1,0.17,0,239009609.26,1,0.5,0,69290575.9,1,1.16,0,11045618.08,1,0.77,0,343330852.69,1,0.49,0,272134.0,100.56,0,23.5,1,110.33,0,18.0,58.8,23.2,31.0,1,110.71,0,22.0,1,110.0,0,22.0,1,122.22,1,6
Псковская область,613356.0,-1,0.42,1,99.8,1,101.22,0,103.9,1,100.1,0,7.1,-1,67.62,0,5.0,-1,125.0,0,2837.0,-1,101.58,0,85.9,166.47,1,4.6,-1,45.54,0,325659.6,50.84,0,6.0,157.89,1,15.0,88.76,1,0.0,0.0,0,70723.5,1,89.98,0,85.4,1,41.46,0,406.1,-1,91.69,0,0.0,-1,0.0,0,4145.0,1,201.97,1,812.0,-1,84.58,1,16.2,-1,133.88,0,29.6,-1,74.56,0,9.3,1,178.85,1,61.0,-1,110.51,0,2401920.1,1,0.02,0,122905954.9,1,0.26,0,12002802.0,1,0.2,0,5413324.7,-1,0.38,1,142724001.7,1,0.2,0,234834.0,86.78,0,24.7,1,115.96,0,16.7,55.2,28.1,17.0,-1,60.71,0,28.0,1,140.0,1,15.0,-1,83.33,0,9
Республика Адыгея,468340.0,1,0.32,0,101.4,-1,102.84,0,102.9,1,99.13,0,11.0,1,104.76,1,5.0,-1,125.0,0,2976.0,-1,106.55,0,52.5,101.74,0,5.1,-1,50.5,0,309184.1,48.27,1,5.4,142.11,0,19.6,115.98,0,3.0,500.0,1,66252.3,1,84.29,0,105.9,1,51.41,0,267.3,-1,60.35,0,15.5,-1,100.0,0,2535.1,1,123.52,1,983.0,-1,102.4,0,12.5,-1,103.31,0,44.6,1,112.34,1,5.4,-1,103.85,0,50.1,1,90.76,0,2422944.4,1,0.02,0,51784957.4,1,0.11,0,4870689.2,1,0.08,0,1934553.5,1,0.14,0,61013144.5,1,0.09,0,299840.0,110.8,0,20.2,1,94.84,0,20.0,56.6,23.4,25.0,-1,89.29,0,18.0,-1,90.0,0,15.0,1,83.33,0,5
Республика Алтай,221559.0,1,0.15,0,104.5,1,105.98,0,105.5,1,101.64,0,6.8,-1,64.76,0,10.0,-1,250.0,1,3522.0,-1,126.1,0,71.1,137.79,0,9.2,1,91.09,0,283451.4,44.25,1,4.2,110.53,0,14.4,85.21,1,1.8,300.0,1,89433.5,-1,113.78,0,239.8,1,116.41,1,241.7,-1,54.57,0,0.0,-1,0.0,0,1308.3,-1,63.75,0,1305.0,-1,135.94,0,23.8,-1,196.69,1,44.5,-1,112.09,0,2.9,-1,55.77,0,52.6,1,95.29,0,851450.2,1,0.01,0,4534270.1,1,0.01,0,2739793.3,-1,0.05,1,586150.7,1,0.04,0,8711664.3,-1,0.01,1,164472.0,60.78,0,19.8,1,92.96,0,27.2,55.2,17.6,24.0,1,85.71,0,19.0,-1,95.0,0,13.0,-1,72.22,0,8
Республика Башкортостан,4001678.0,-1,2.75,1,95.1,-1,96.45,1,102.5,1,98.75,0,9.1,-1,86.67,0,5.0,-1,125.0,0,2169.0,-1,77.66,0,56.4,109.3,0,6.4,-1,63.37,0,425161.0,66.38,0,4.5,118.42,0,17.4,102.96,0,0.3,50.0,0,84448.9,-1,107.44,0,123.0,1,59.71,0,376.7,-1,85.05,0,3.7,-1,23.87,0,4170.1,-1,203.19,1,980.0,-1,102.08,0,11.6,-1,95.87,0,40.1,1,101.01,1,4.5,1,86.54,0,55.4,-1,100.36,0,212923273.0,1,1.47,0,1165509906.51,1,2.44,0,137740536.7,1,2.31,0,28160337.9,1,1.97,0,1544334054.11,1,2.22,0,253472.0,93.67,0,22.4,1,105.16,0,20.4,56.6,23.0,29.0,1,103.57,0,17.0,1,85.0,0,16.0,1,88.89,0,4
Республика Бурятия,982629.0,-1,0.68,1,98.8,1,100.2,0,102.2,1,98.46,0,7.8,-1,74.29,0,5.0,-1,125.0,0,3275.0,-1,117.26,0,48.9,94.77,0,3.4,1,33.66,0,307558.8,48.02,1,5.0,131.58,0,17.2,101.78,0,2.6,433.33,1,61456.1,-1,78.19,0,80.3,-1,38.98,0,235.3,-1,53.13,0,3.3,1,21.29,0,1894.8,-1,92.33,0,1224.0,-1,127.5,0,19.9,-1,164.46,1,41.7,-1,105.04,0,3.7,-1,71.15,0,54.6,1,98.91,0,48765852.6,1,0.34,0,97767864.62,1,0.2,0,26559640.3,-1,0.45,1,3249746.5,1,0.23,0,176343104.02,1,0.25,0,223010.0,82.41,0,25.5,1,119.72,0,24.4,56.5,19.1,36.0,1,128.57,1,24.0,1,120.0,0,16.0,-1,88.89,0,6
Республика Дагестан,3153857.0,1,2.17,0,97.2,1,98.58,0,111.6,1,107.51,0,8.8,-1,83.81,0,11.0,-1,275.0,1,6990.0,-1,250.27,1,13.6,26.36,0,9.1,-1,90.1,0,239640.7,37.41,1,2.8,73.68,0,22.5,133.14,0,0.7,116.67,0,80693.8,-1,102.66,0,192.0,-1,93.2,0,297.8,-1,67.24,0,15.5,0,100.0,0,2384.3,1,116.18,1,1415.0,-1,147.4,0,14.8,-1,122.31,0,38.3,0,96.47,0,5.0,-1,96.15,0,56.7,1,102.72,1,4280095.7,1,0.03,0,43722489.4,1,0.09,0,17750862.4,-1,0.3,1,1838720.3,-1,0.13,1,67592167.8,1,0.1,0,209177.0,77.3,0,28.3,-1,132.86,0,24.9,61.3,13.8,37.0,1,132.14,1,19.0,-1,95.0,0,12.0,-1,66.67,0,8
Республика Ингушетия,524058.0,1,0.36,0,99.7,-1,101.12,0,104.3,1,100.48,0,5.1,-1,48.57,0,10.0,-1,250.0,1,8551.0,1,306.16,1,0.2,0.39,0,2.7,-1,26.73,0,142199.7,22.2,1,0.0,0.0,0,27.8,164.5,0,0.0,0.0,0,60547.7,1,77.03,0,55.2,-1,26.8,0,106.0,1,23.93,0,15.5,0,100.0,0,2930.6,-1,142.8,0,1645.0,-1,171.35,0,30.0,-1,247.93,1,38.1,-1,95.97,0,10.6,1,203.85,1,51.3,-1,92.93,0,920378.4,1,0.01,0,2146473.6,1,0.0,0,384177.0,-1,0.01,1,826476.4,1,0.06,0,4277505.4,-1,0.01,1,57605.0,21.29,1,32.5,1,152.58,0,27.1,59.7,13.2,29.0,1,103.57,0,14.0,-1,70.0,0,7.0,-1,38.89,0,8
Республика Калмыкия,267756.0,-1,0.18,1,102.4,1,103.85,0,107.6,1,103.66,0,5.1,-1,48.57,0,3.0,-1,75.0,0,3778.0,-1,135.27,0,58.1,112.6,0,0.7,-1,6.93,0,344933.1,53.85,0,2.7,71.05,0,20.2,119.53,0,0.0,0.0,0,71872.7,1,91.44,0,103.7,-1,50.34,0,354.8,-1,80.11,0,15.5,0,100.0,0,1416.8,-1,69.03,0,982.0,-1,102.29,0,22.7,-1,187.6,1,33.8,-1,85.14,0,0.3,-1,5.77,0,65.9,1,119.38,1,1569731.7,1,0.01,0,604967.3,1,0.0,0,4114195.2,1,0.07,0,1428755000.0,1,100.0,0,6619456.4,1,0.01,0,97566.0,36.05,1,24.3,1,114.08,0,21.2,56.8,22.0,38.0,1,135.71,1,21.0,1,105.0,0,8.0,-1,44.44,0,5
Республика Карелия,603067.0,-1,0.41,1,100.8,1,102.23,0,104.1,1,100.29,0,5.8,-1,55.24,0,3.0,-1,75.0,0,2769.0,-1,99.14,0,78.1,151.36,1,5.1,-1,50.5,0,522245.3,81.53,0,6.1,160.53,1,17.1,101.18,0,1.7,283.33,1,112365.5,1,142.95,1,442.3,1,214.71,1,691.2,-1,156.06,0,31.8,1,205.16,1,1857.3,-1,90.5,0,841.0,-1,87.6,1,15.1,-1,124.79,0,39.0,1,98.24,0,3.0,-1,57.69,0,58.1,1,105.25,1,88083157.0,1,0.61,0,126255184.93,1,0.26,0,26728754.5,1,0.45,0,4334907.2,1,0.3,0,245402003.63,1,0.35,0,252304.0,93.24,0,24.2,1,113.62,0,18.3,55.9,25.8,16.0,1,57.14,0,17.0,1,85.0,0,19.0,1,105.56,0,9
Республика Коми,803477.0,-1,0.55,1,98.0,1,99.39,0,102.1,1,98.36,0,7.7,-1,73.33,0,5.0,-1,125.0,0,2983.0,-1,106.8,0,107.5,208.33,1,10.7,-1,105.94,0,749219.3,116.97,0,5.3,139.47,0,15.5,91.72,0,3.6,600.0,1,111709.0,1,142.12,1,298.9,1,145.1,1,639.0,-1,144.28,0,42.1,1,271.61,1,2371.2,-1,115.54,0,891.0,-1,92.81,0,15.3,-1,126.45,0,40.1,1,101.01,1,6.6,-1,126.92,0,53.3,-1,96.56,0,303708239.3,1,2.09,0,190136442.48,1,0.4,0,42455955.55,-1,0.71,1,8915997.3,1,0.62,0,545216634.63,1,0.78,0,221863.0,81.99,0,22.7,1,106.57,0,19.9,58.1,22.0,20.0,1,71.43,0,21.0,1,105.0,0,20.0,1,111.11,0,8
Республика Крым,1896393.0,1,1.3,0,99.5,-1,100.91,0,101.5,1,97.78,0,5.8,1,55.24,0,5.0,-1,125.0,0,2973.0,-1,106.44,0,57.6,111.63,0,14.6,-1,144.55,1,270363.8,42.21,1,4.9,128.95,0,19.0,112.43,0,0.4,66.67,0,52086.6,-1,66.27,0,164.8,1,80.0,0,286.7,-1,64.73,0,0.0,-1,0.0,0,489.9,-1,23.87,0,956.0,-1,99.58,0,17.2,-1,142.15,0,48.2,1,121.41,1,1.7,-1,32.69,0,50.1,1,90.76,0,12350320.9,1,0.09,0,100422035.18,1,0.21,0,49583786.2,1,0.83,0,8987761.7,1,0.63,0,171343903.98,1,0.25,0,176044.0,65.06,0,15.5,1,72.77,1,18.5,55.1,26.4,23.0,1,82.14,0,18.0,-1,90.0,0,17.0,1,94.44,0,4
Республика Марий Эл,671455.0,-1,0.46,1,98.3,1,99.7,0,103.8,1,100.0,0,6.5,-1,61.9,0,4.0,-1,100.0,0,3025.0,-1,108.31,0,73.7,142.83,0,2.9,-1,28.71,0,290803.3,45.4,1,5.8,152.63,1,16.5,97.63,0,1.0,166.67,0,93490.3,1,118.94,1,203.2,1,98.64,0,662.5,1,149.58,1,0.0,-1,0.0,0,1546.2,-1,75.34,0,950.0,-1,98.96,0,19.5,-1,161.16,1,32.8,-1,82.62,0,5.8,-1,111.54,0,61.5,1,111.41,1,929458.4,1,0.01,0,142625577.67,1,0.3,0,11947115.7,1,0.2,0,6956325.4,1,0.49,0,162458477.17,-1,0.23,1,161110.0,59.54,0,22.4,1,105.16,0,19.8,55.5,24.7,34.0,1,121.43,1,21.0,1,105.0,0,20.0,1,111.11,0,9
Республика Мордовия,770673.0,-1,0.53,1,100.7,1,102.13,0,105.1,1,101.25,0,7.3,-1,69.52,0,3.0,-1,75.0,0,2962.0,-1,106.05,0,64.1,124.22,0,1.9,-1,18.81,0,342811.2,53.52,0,3.8,100.0,0,20.0,118.34,0,0.0,0.0,0,65931.9,-1,83.88,0,147.5,-1,71.6,0,701.3,-1,158.34,0,0.0,-1,0.0,0,1854.8,-1,90.38,0,674.0,-1,70.21,1,17.6,-1,145.45,0,39.7,1,100.0,0,5.2,1,100.0,0,55.2,-1,100.0,0,117125.5,1,0.0,0,236603930.5,1,0.5,0,12387742.0,1,0.21,0,3290484.1,-1,0.23,1,252399282.1,1,0.36,0,150613.0,55.66,0,22.5,1,105.63,0,14.9,58.2,26.9,29.0,0,103.57,0,19.0,1,95.0,0,18.0,1,100.0,0,3
Республика Саха (Якутия),992115.0,1,0.68,0,99.5,1,100.91,0,101.8,1,98.07,0,10.9,1,103.81,1,4.0,-1,100.0,0,2775.0,-1,99.36,0,129.0,250.0,1,3.1,-1,30.69,0,1168152.5,182.38,0,3.2,84.21,0,16.5,97.63,0,1.1,183.33,0,104555.1,1,133.02,1,237.3,-1,115.19,0,484.6,-1,109.42,0,30.9,1,199.35,1,1742.4,-1,84.9,0,1253.0,-1,130.52,0,17.3,-1,142.98,0,44.2,-1,111.34,0,5.1,1,98.08,0,50.7,0,91.85,0,823669498.5,1,5.68,0,33951941.57,1,0.07,0,72359864.81,1,1.21,0,7219543.0,1,0.51,0,937200847.88,1,1.35,0,284035.0,104.96,0,16.8,1,78.87,1,24.0,59.7,16.3,30.0,1,107.14,0,23.0,1,115.0,0,21.0,1,116.67,0,5
Республика Северная Осетия-Алания,688124.0,-1,0.47,1,94.6,-1,95.94,1,103.0,1,99.23,0,7.2,-1,68.57,0,5.0,-1,125.0,0,3130.0,-1,112.07,0,46.3,89.73,0,9.4,-1,93.07,0,267814.4,41.81,1,12.7,334.21,1,16.4,97.04,0,2.2,366.67,1,72233.0,1,91.9,0,407.2,1,197.67,1,193.8,-1,43.76,0,15.5,1,100.0,0,3915.9,-1,190.81,1,1167.0,-1,121.56,0,13.9,-1,114.88,0,34.8,-1,87.66,0,6.8,-1,130.77,0,58.4,1,105.8,1,636335.6,1,0.0,0,18010023.5,1,0.04,0,15392799.3,1,0.26,0,1691981.6,1,0.12,0,35731140.0,-1,0.05,1,193290.0,71.43,0,25.0,1,117.37,0,21.3,56.7,22.0,22.0,-1,78.57,0,14.0,-1,70.0,0,7.0,1,38.89,0,9
Республика Татарстан,3886395.0,1,2.67,0,96.7,1,98.07,0,103.1,1,99.33,0,9.4,-1,89.52,0,4.0,-1,100.0,0,2672.0,-1,95.67,0,48.9,94.77,0,9.3,-1,92.08,0,675621.4,105.48,0,3.4,89.47,0,16.2,95.86,0,0.6,100.0,0,79394.9,-1,101.01,0,155.2,-1,75.34,0,346.1,-1,78.14,0,114.0,1,735.48,1,4939.0,1,240.66,1,1051.0,-1,109.48,0,6.6,-1,54.55,0,42.0,1,105.79,1,7.3,-1,140.38,0,50.7,-1,91.85,0,575549655.4,1,3.97,0,1953851587.53,1,4.09,0,139394630.98,1,2.34,0,41261788.1,1,2.89,0,2710057662.01,1,3.89,0,279262.0,103.2,0,13.7,1,64.32,1,19.9,56.6,23.5,37.0,1,132.14,1,20.0,0,100.0,0,19.0,1,105.56,0,5
Республика Тыва,332609.0,1,0.23,0,110.9,1,112.47,0,107.0,1,103.08,0,7.7,-1,73.33,0,11.0,-1,275.0,1,4209.0,-1,150.7,1,88.9,172.29,1,12.7,-1,125.74,0,251799.9,39.31,1,7.7,202.63,1,13.6,80.47,1,7.3,1216.67,1,60756.5,-1,77.3,0,340.9,1,165.49,1,389.7,1,87.99,0,0.0,0,0.0,0,5311.9,1,258.83,1,2007.0,-1,209.06,0,31.7,-1,261.98,1,45.0,-1,113.35,0,2.6,-1,50.0,0,52.4,1,94.93,0,16860405.0,1,0.12,0,562091.74,-1,0.0,1,5468176.63,1,0.09,0,401160.6,1,0.03,0,23291833.97,-1,0.03,1,89480.0,33.07,1,23.8,1,111.74,0,34.0,55.5,10.5,42.0,1,150.0,1,27.0,1,135.0,1,23.0,1,127.78,1,16
Республика Хакасия,528338.0,-1,0.36,1,100.8,1,102.23,0,104.0,1,100.19,0,5.6,-1,53.33,0,6.0,-1,150.0,1,2168.0,-1,77.62,0,79.1,153.29,1,17.9,-1,177.23,1,500422.8,78.13,0,11.8,310.53,1,17.9,105.92,0,1.0,166.67,0,86026.5,1,109.45,1,92.8,-1,45.05,0,331.0,-1,74.73,0,0.0,-1,0.0,0,1680.1,-1,81.86,0,988.0,-1,102.92,0,18.5,-1,152.89,1,43.2,1,108.82,1,2.4,-1,46.15,0,54.3,-1,98.37,0,72383462.4,1,0.5,0,106392496.4,1,0.22,0,56071056.9,1,0.94,0,2191259.0,1,0.15,0,237038274.7,1,0.34,0,194578.0,71.9,0,24.1,1,113.15,0,21.8,56.0,22.2,24.0,-1,85.71,0,15.0,-1,75.0,0,13.0,-1,72.22,0,8
Ростовская область,4153763.0,-1,2.85,1,98.6,1,100.0,0,102.1,1,98.36,0,9.8,-1,93.33,0,6.0,-1,150.0,1,3724.0,-1,133.33,0,29.6,57.36,0,10.6,1,104.95,0,403949.1,63.07,0,3.5,92.11,0,18.2,107.69,0,0.5,83.33,0,81083.3,-1,103.16,0,98.4,1,47.77,0,204.9,-1,46.26,0,8.3,-1,53.55,0,1570.6,-1,76.53,0,856.0,-1,89.17,1,13.0,-1,107.44,0,43.9,1,110.58,1,1.6,-1,30.77,0,54.5,-1,98.73,0,34206877.9,1,0.24,0,849342841.85,1,1.78,0,162209551.2,1,2.72,0,35589982.2,-1,2.49,0,1081349253.15,1,1.55,0,277842.0,102.67,0,27.8,1,130.52,0,17.0,57.5,25.5,24.0,1,85.71,0,17.0,-1,85.0,0,15.0,-1,83.33,0,4
Рязанская область,1085152.0,-1,0.75,1,97.2,1,98.58,0,101.8,1,98.07,0,7.5,-1,71.43,0,4.0,-1,100.0,0,3407.0,-1,121.98,0,51.1,99.03,0,17.2,1,170.3,1,412845.1,64.45,0,2.0,52.63,0,19.0,112.43,0,0.1,16.67,0,70384.8,1,89.55,0,298.4,1,144.85,1,427.7,-1,96.57,0,0.0,-1,0.0,0,1507.5,-1,73.45,0,732.0,-1,76.25,1,12.8,-1,105.79,0,37.0,1,93.2,0,3.3,-1,63.46,0,59.7,-1,108.15,0,1509023.3,1,0.01,0,341384630.8,1,0.71,0,40118028.7,1,0.67,0,9134712.1,1,0.64,0,392146394.9,1,0.56,0,225488.0,83.33,0,22.0,1,103.29,0,16.1,55.5,28.4,44.0,1,157.14,1,20.0,-1,100.0,0,16.0,1,88.89,0,5
Самарская область,3131720.0,-1,2.15,1,97.4,1,98.78,0,102.6,1,98.84,0,8.5,-1,80.95,0,4.0,-1,100.0,0,2481.0,-1,88.83,0,49.4,95.74,0,12.1,-1,119.8,0,505093.4,78.86,0,3.7,97.37,0,16.9,100.0,0,0.3,50.0,0,97537.6,1,124.09,1,325.3,1,157.91,1,446.7,-1,100.86,0,5.6,-1,36.13,0,3133.9,-1,152.7,0,873.0,-1,90.94,0,12.3,-1,101.65,0,36.9,-1,92.95,0,9.5,1,182.69,1,53.6,-1,97.1,0,272383632.4,1,1.88,0,1087820856.8,1,2.28,0,140904474.23,1,2.36,0,46543909.8,1,3.26,0,1547652873.23,1,2.22,0,241042.0,89.07,0,23.4,1,109.86,0,17.6,56.8,25.6,19.0,0,67.86,0,16.0,-1,80.0,0,20.0,1,111.11,0,4
Санкт-Петербург,5377503.0,1,3.69,0,101.1,1,102.54,0,101.0,-1,97.3,1,10.9,-1,103.81,0,4.0,-1,100.0,0,2159.0,-1,77.3,0,14.7,28.49,0,9.4,-1,93.07,0,971158.0,151.62,0,3.7,97.37,0,15.7,92.9,0,0.1,16.67,0,101498.4,1,129.13,1,254.5,1,123.54,1,403.5,-1,91.1,0,11.8,-1,76.13,0,1704.2,-1,83.04,0,992.0,1,103.33,0,5.9,-1,48.76,0,39.7,1,100.0,0,5.2,-1,100.0,0,55.2,-1,100.0,0,35897627.6,1,0.25,0,2564838334.6,1,5.37,0,203617516.5,-1,3.42,0,71373296.4,1,5.0,0,2875726775.1,1,4.13,0,357665.0,132.17,0,19.8,1,92.96,0,16.6,57.9,25.5,35.0,-1,125.0,0,32.0,1,160.0,1,28.0,-1,155.56,1,5
Саратовская область,2360959.0,-1,1.62,1,100.4,1,101.83,0,104.7,1,100.87,0,8.1,-1,77.14,0,4.0,-1,100.0,0,2217.0,-1,79.38,0,48.6,94.19,0,5.7,-1,56.44,0,358480.4,55.97,0,3.7,97.37,0,17.8,105.33,0,1.7,283.33,1,74819.3,1,95.19,0,475.0,1,230.58,1,466.6,-1,105.35,0,1.8,-1,11.61,0,2077.1,-1,101.21,0,767.0,-1,79.9,1,14.8,-1,122.31,0,39.0,-1,98.24,0,2.5,-1,48.08,0,58.5,1,105.98,1,34408819.4,1,0.24,0,427571767.55,1,0.89,0,94980232.9,-1,1.59,0,12703500.7,-1,0.89,1,569664320.55,1,0.82,0,188844.0,69.79,0,27.7,1,130.05,0,16.7,57.0,26.3,31.0,1,110.71,0,22.0,1,110.0,0,17.0,0,94.44,0,6
Сахалинская область,484177.0,-1,0.33,1,98.6,1,100.0,0,101.7,1,97.98,0,10.3,-1,98.1,0,3.0,-1,75.0,0,1985.0,1,71.07,0,106.1,205.62,1,18.4,-1,182.18,1,2059206.5,321.49,0,2.5,65.79,0,17.2,101.78,0,0.0,0.0,0,83995.5,-1,106.86,0,214.2,-1,103.98,0,496.0,-1,111.99,0,31.3,-1,201.94,1,1402.4,-1,68.33,0,1121.0,-1,116.77,0,7.7,-1,63.64,0,39.7,1,100.0,0,5.2,1,100.0,0,55.2,-1,100.0,0,731920051.4,1,5.05,0,65896029.1,1,0.14,0,19913057.08,1,0.33,0,4135165.9,1,0.29,0,821864303.48,1,1.18,0,364356.0,134.64,0,16.5,1,77.46,1,19.8,58.3,21.9,31.0,1,110.71,0,20.0,1,100.0,0,19.0,1,105.56,0,5
Свердловская область,4264340.0,-1,2.93,1,92.5,-1,93.81,1,102.1,1,98.36,0,10.5,-1,100.0,0,4.0,-1,100.0,0,2400.0,-1,85.93,0,50.2,97.29,0,12.9,-1,127.72,0,588270.0,91.84,0,3.7,97.37,0,15.8,93.49,0,0.5,83.33,0,75208.5,1,95.68,0,96.5,1,46.84,0,436.4,-1,98.53,0,11.4,-1,73.55,0,3392.8,-1,165.32,0,1002.0,-1,104.38,0,9.0,-1,74.38,0,46.3,1,116.62,1,2.2,-1,42.31,0,51.5,-1,93.3,0,92526767.4,1,0.64,0,2072196704.81,1,4.34,0,245175701.1,1,4.11,0,77608009.86,1,5.43,0,2487507183.17,1,3.57,0,287048.0,106.08,0,23.5,1,110.33,0,19.9,56.0,24.1,22.0,-1,78.57,0,19.0,-1,95.0,0,20.0,-1,111.11,0,3
Севастополь,522057.0,1,0.36,0,102.9,-1,104.36,0,101.3,1,97.59,0,6.2,-1,59.05,0,4.0,-1,100.0,0,1498.0,-1,53.63,0,90.0,174.42,1,25.4,-1,251.49,1,295304.9,46.1,1,6.8,178.95,1,13.7,81.07,1,1.2,200.0,0,52350.6,1,66.6,0,146.8,1,71.26,0,367.3,-1,82.93,0,23.4,1,150.97,1,2237.0,-1,109.0,0,830.0,-1,86.46,1,11.0,-1,90.91,0,39.7,-1,100.0,0,5.2,-1,100.0,0,55.2,1,100.0,0,874018.0,1,0.01,0,15630051.1,1,0.03,0,8877990.5,1,0.15,0,1428755000.0,1,100.0,0,29028253.9,1,0.04,0,187776.0,69.39,0,13.3,1,62.44,1,17.8,58.5,23.7,26.0,-1,92.86,0,21.0,-1,105.0,0,14.0,-1,77.78,0,8
Смоленская область,909856.0,-1,0.63,1,98.3,1,99.7,0,102.5,1,98.75,0,8.5,1,80.95,0,4.0,-1,100.0,0,2879.0,-1,103.08,0,72.4,140.31,0,7.1,-1,70.3,0,386274.8,60.31,0,0.8,21.05,0,19.4,114.79,0,1.0,166.67,0,72034.9,-1,91.65,0,321.6,1,156.12,1,262.8,-1,59.34,0,0.0,-1,0.0,0,1514.9,-1,73.81,0,665.0,-1,69.27,1,15.6,-1,128.93,0,34.7,1,87.41,0,12.0,1,230.77,1,53.3,-1,96.56,0,2038290.5,1,0.01,0,219478208.7,1,0.46,0,54579627.0,1,0.92,0,13230839.7,1,0.93,0,289326966.1,1,0.42,0,211221.0,78.05,0,27.2,1,127.7,0,15.6,57.1,27.3,28.0,1,100.0,0,20.0,1,100.0,0,17.0,1,94.44,0,4
Ставропольский край,2780204.0,1,1.91,0,94.5,1,95.84,1,102.5,1,98.75,0,6.6,-1,62.86,0,5.0,-1,125.0,0,3069.0,-1,109.88,0,23.6,45.74,0,4.0,-1,39.6,0,308476.2,48.16,1,3.1,81.58,0,19.0,112.43,0,0.5,83.33,0,59172.3,1,75.28,0,190.5,1,92.48,0,246.4,1,55.63,0,11.2,1,72.26,0,983.2,-1,47.91,0,954.0,-1,99.38,0,13.8,-1,114.05,0,39.2,1,98.74,0,1.9,-1,36.54,0,58.9,1,106.7,1,11073282.6,1,0.08,0,307718213.5,1,0.64,0,68663889.1,-1,1.15,0,12597835.0,1,0.88,0,400053220.4,1,0.57,0,215801.0,79.75,0,30.8,1,144.6,0,18.8,58.1,23.1,26.0,1,92.86,0,19.0,-1,95.0,0,14.0,1,77.78,0,3
Тамбовская область,980984.0,-1,0.67,1,94.3,-1,95.64,1,104.1,1,100.29,0,7.7,-1,73.33,0,3.0,-1,75.0,0,3622.0,-1,129.68,0,45.0,87.21,0,5.1,1,50.5,0,378455.8,59.09,0,2.2,57.89,0,19.7,116.57,0,0.3,50.0,0,64949.8,-1,82.63,0,124.6,-1,60.49,0,475.7,-1,107.41,0,4.5,-1,29.03,0,3733.6,-1,181.92,1,726.0,-1,75.62,1,10.8,-1,89.26,0,33.5,1,84.38,0,7.6,1,146.15,1,58.9,-1,106.7,0,267666.1,1,0.0,0,188201670.58,1,0.39,0,14878456.32,-1,0.25,1,4313657.29,1,0.3,0,207661450.29,1,0.3,0,222950.0,82.39,0,23.9,1,112.21,0,15.1,55.5,29.4,21.0,1,75.0,0,15.0,-1,75.0,0,13.0,-1,72.22,0,6
Тверская область,1230190.0,-1,0.85,1,97.4,1,98.78,0,103.9,1,100.1,0,6.2,-1,59.05,0,4.0,-1,100.0,0,2635.0,-1,94.34,0,41.0,79.46,0,5.0,-1,49.5,0,391722.2,61.16,0,3.2,84.21,0,17.5,103.55,0,0.3,50.0,0,86566.6,1,110.13,1,180.7,1,87.72,0,729.8,-1,164.78,0,0.0,0,0.0,0,2314.9,-1,112.8,0,758.0,-1,78.96,1,11.4,-1,94.21,0,31.0,-1,78.09,0,3.8,-1,73.08,0,65.1,1,117.93,1,789317.0,1,0.01,0,341532380.55,1,0.71,0,92219041.6,-1,1.55,0,9371061.0,1,0.66,0,443911800.15,1,0.64,0,233777.0,86.39,0,22.5,1,105.63,0,16.8,55.4,27.8,35.0,1,125.0,1,19.0,-1,95.0,0,19.0,1,105.56,0,5
Томская область,1068304.0,1,0.73,0,97.7,1,99.09,0,103.2,1,99.42,0,6.9,-1,65.71,0,4.0,-1,100.0,0,2715.0,1,97.21,0,44.2,85.66,0,7.7,-1,76.24,0,518179.5,80.9,0,1.4,36.84,0,16.9,100.0,0,0.4,66.67,0,70726.0,-1,89.98,0,243.0,1,117.96,1,616.2,-1,139.13,0,0.0,-1,0.0,0,857.6,-1,41.79,0,882.0,-1,91.88,0,14.4,-1,119.01,0,42.2,1,106.3,1,3.6,1,69.23,0,54.2,-1,98.19,0,115235275.0,1,0.79,0,198997143.4,1,0.42,0,31920321.1,-1,0.54,1,8768566.9,-1,0.61,1,354921306.4,-1,0.51,1,196290.0,72.54,0,23.5,1,110.33,0,18.9,59.5,21.6,30.0,-1,107.14,0,19.0,-1,95.0,0,18.0,-1,100.0,0,5
Тульская область,1432570.0,-1,0.98,1,98.2,1,99.59,0,103.3,1,99.52,0,7.1,-1,67.62,0,4.0,-1,100.0,0,3495.0,-1,125.13,0,69.0,133.72,0,9.0,1,89.11,0,486544.2,75.96,0,4.2,110.53,0,16.6,98.22,0,0.5,83.33,0,72165.3,-1,91.81,0,109.1,-1,52.96,0,313.7,-1,70.83,0,16.5,1,106.45,1,1870.3,-1,91.13,0,700.0,-1,72.92,1,10.1,-1,83.47,0,38.8,1,97.73,0,5.3,1,101.92,1,56.0,-1,101.45,0,8334138.3,1,0.06,0,850736047.67,1,1.78,0,55211893.3,1,0.93,0,17931811.5,1,1.26,0,932213890.77,1,1.34,0,240438.0,88.85,0,23.3,1,109.39,0,15.0,56.2,28.8,28.0,1,100.0,0,21.0,-1,105.0,0,20.0,-1,111.11,0,4
Тюменская область без округов,1552148.0,1,1.07,0,99.2,1,100.61,0,102.5,1,98.75,0,8.9,-1,84.76,0,4.0,-1,100.0,0,-44.0,-1,-1.58,0,61.2,118.6,0,13.2,1,130.69,1,757076.0,118.2,0,4.5,118.42,0,18.1,107.1,0,1.0,166.67,0,64208.6,1,81.69,0,40.8,1,19.81,0,340.5,-1,76.88,0,37.8,-1,243.87,1,2941.9,-1,143.35,0,1200.0,1,125.0,0,13.6,1,112.4,1,37.9,-1,95.47,0,7.5,1,144.23,1,54.7,1,99.09,0,183155192.3,1,1.26,0,651681655.42,1,1.36,0,58985789.2,1,0.99,0,18462258.7,1,1.29,0,912284895.62,-1,1.31,0,298699.0,110.38,0,21.3,1,100.0,0,22.1,57.3,20.6,27.0,1,96.43,0,17.0,0,85.0,0,14.0,-1,77.78,0,4
Удмуртская Республика,1484460.0,-1,1.02,1,97.9,1,99.29,0,103.4,-1,99.61,1,5.9,-1,56.19,0,4.0,-1,100.0,0,2519.0,-1,90.19,0,56.4,109.3,0,7.7,-1,76.24,0,451490.9,70.49,0,3.4,89.47,0,14.8,87.57,1,0.6,100.0,0,99088.4,1,126.06,1,191.0,-1,92.72,0,428.4,-1,96.73,0,7.5,-1,48.39,0,1216.6,-1,59.28,0,956.0,-1,99.58,0,11.9,-1,98.35,0,49.9,1,125.69,1,2.7,-1,51.92,0,47.5,-1,86.05,0,187616196.1,1,1.29,0,337062165.06,1,0.71,0,41392702.2,1,0.69,0,15502492.1,1,1.09,0,581573555.46,1,0.83,0,178357.0,65.91,0,23.1,1,108.45,0,20.4,55.6,24.0,26.0,1,92.86,0,25.0,1,125.0,1,18.0,1,100.0,0,6
Ульяновская область,1203969.0,-1,0.83,1,99.2,1,100.61,0,102.2,1,98.46,0,7.0,-1,66.67,0,3.0,-1,75.0,0,3151.0,-1,112.82,0,102.6,198.84,1,19.1,1,189.11,1,360112.2,56.22,0,1.0,26.32,0,17.9,105.92,0,0.5,83.33,0,87077.9,-1,110.78,0,253.1,-1,122.86,0,372.1,-1,84.01,0,0.0,-1,0.0,0,3807.9,-1,185.54,1,822.0,-1,85.62,1,15.0,-1,123.97,0,38.4,1,96.73,0,3.1,-1,59.62,0,58.5,-1,105.98,0,14093423.36,1,0.1,0,276051692.06,1,0.58,0,26302592.1,-1,0.44,1,9717375.4,-1,0.68,1,326165082.92,1,0.47,0,185625.0,68.6,0,25.3,1,118.78,0,16.8,55.3,27.9,20.0,-1,71.43,0,19.0,-1,95.0,0,17.0,-1,94.44,0,7
Хабаровский край,1298978.0,-1,0.89,1,96.2,1,97.57,0,101.9,1,98.17,0,7.6,-1,72.38,0,4.0,-1,100.0,0,1995.0,-1,71.43,0,128.5,249.03,1,17.3,1,171.29,1,658239.5,102.77,0,6.0,157.89,1,15.4,91.12,0,0.2,33.33,0,67303.6,-1,85.63,0,153.4,-1,74.47,0,377.2,-1,85.17,0,0.0,-1,0.0,0,1496.9,-1,72.94,0,1020.0,-1,106.25,0,12.0,-1,99.17,0,32.7,-1,82.37,0,6.4,1,123.08,1,60.9,1,110.33,1,27568168.6,1,0.19,0,406826629.0,1,0.85,0,57923804.8,1,0.97,0,9521832.9,1,0.67,0,501840435.3,1,0.72,0,301099.0,111.27,0,25.7,1,120.66,0,19.4,59.4,21.2,28.0,1,100.0,0,20.0,1,100.0,0,20.0,1,111.11,0,6
Ханты-Мансийский автономный округ - Югра,1702240.0,1,1.17,0,100.4,1,101.83,0,103.5,1,99.71,0,9.5,-1,90.48,0,4.0,-1,100.0,0,1606.0,-1,57.5,0,33.7,65.31,0,6.2,-1,61.39,0,1994630.3,311.41,0,3.5,92.11,0,13.9,82.25,1,0.6,100.0,0,90676.1,-1,115.36,0,193.3,1,93.83,0,405.8,-1,91.62,0,18.2,-1,117.42,0,2301.5,-1,112.14,0,1169.0,-1,121.77,0,8.4,1,69.42,0,55.6,1,140.05,1,1.6,-1,30.77,0,42.9,-1,77.72,0,2659122568.6,1,18.34,0,567899557.74,1,1.19,0,215684434.4,1,3.62,0,23768335.3,-1,1.66,0,3466474896.04,-1,4.98,0,288977.0,106.79,0,15.8,1,74.18,1,22.7,61.5,15.8,22.0,1,78.57,0,22.0,1,110.0,0,16.0,0,88.89,0,3
Челябинская область,3418606.0,-1,2.35,1,100.8,1,102.23,0,101.7,1,97.98,0,6.8,-1,64.76,0,4.0,-1,100.0,0,2267.0,-1,81.17,0,69.6,134.88,0,20.6,0,203.96,1,467537.3,72.99,0,4.9,128.95,0,16.0,94.67,0,0.5,83.33,0,88428.4,1,112.5,1,397.2,1,192.82,1,667.3,-1,150.67,0,7.0,-1,45.16,0,2309.7,-1,112.54,0,969.0,-1,100.94,0,12.6,-1,104.13,0,40.6,-1,102.27,0,6.0,1,115.38,1,53.4,1,96.74,0,139619313.5,1,0.96,0,1412224407.1,1,2.96,0,129497823.0,-1,2.17,0,37238860.6,-1,2.61,0,1718580404.2,1,2.47,0,199595.0,73.76,0,24.3,1,114.08,0,19.6,56.2,24.2,25.0,-1,89.29,0,18.0,-1,90.0,0,16.0,-1,88.89,0,5
Чеченская Республика,1516387.0,1,1.04,0,100.1,1,101.52,0,104.0,1,100.19,0,8.9,-1,84.76,0,13.0,1,325.0,1,9830.0,1,351.95,1,4.1,7.95,0,0.6,-1,5.94,0,171029.5,26.7,1,1.4,36.84,0,19.2,113.61,0,0.4,66.67,0,52150.1,1,66.35,0,73.6,1,35.73,0,157.9,-1,35.65,0,15.5,-1,100.0,0,846.7,1,41.26,0,2026.0,-1,211.04,0,20.4,1,168.6,1,43.7,-1,110.08,0,6.2,1,119.23,1,50.1,1,90.76,0,4552198.6,-1,0.03,1,11931357.8,1,0.02,0,24685932.8,1,0.41,0,2323171.0,1,0.16,0,43492660.2,1,0.06,0,141300.0,52.22,0,35.1,1,164.79,0,32.6,57.5,9.9,40.0,1,142.86,1,25.0,1,125.0,1,5.0,-1,27.78,0,8
Чувашская Республика,1198429.0,-1,0.82,1,101.4,1,102.84,0,104.3,1,100.48,0,6.6,-1,62.86,0,2.0,-1,50.0,0,2346.0,-1,84.0,0,79.0,153.1,1,1.2,-1,11.88,0,287210.3,44.84,1,8.0,210.53,1,14.2,84.02,1,0.3,50.0,0,93394.5,-1,118.82,0,487.8,-1,236.8,1,515.7,-1,116.44,0,3.3,1,21.29,0,1192.0,-1,58.08,0,916.0,-1,95.42,0,16.8,-1,138.84,0,22.2,-1,55.92,0,4.2,-1,80.77,0,73.6,1,133.33,1,470434.3,1,0.0,0,221808713.37,1,0.46,0,24286704.33,-1,0.41,1,6463987.7,1,0.45,0,253029839.7,1,0.36,0,166150.0,61.4,0,24.9,-1,116.9,0,19.3,56.6,24.1,24.0,-1,85.71,0,20.0,-1,100.0,0,19.0,0,105.56,0,8
Чукотский автономный округ,50040.0,-1,0.03,1,105.2,1,106.69,0,110.5,1,106.45,0,11.3,-1,107.62,0,16.0,-1,400.0,1,2156.0,1,77.19,0,208.7,404.46,1,0.0,-1,0.0,0,2404271.2,375.36,0,3.2,84.21,0,14.1,83.43,1,1.7,283.33,1,128506.5,1,163.49,1,255.2,1,123.88,1,957.0,-1,216.08,1,111.5,1,719.35,1,2101.5,-1,102.4,0,1052.0,-1,109.58,0,8.0,1,66.12,0,39.7,-1,100.0,0,5.2,1,100.0,0,55.2,1,100.0,0,23136924.6,1,0.16,0,93236797.7,1,0.2,0,13620029.4,1,0.23,0,647356.7,1,0.05,0,130641108.4,1,0.19,0,225671.0,83.39,0,6.4,-1,30.05,1,21.6,64.0,14.4,30.0,-1,107.14,0,26.0,1,130.0,1,23.0,1,127.78,1,12
Ямало-Ненецкий автономный округ,552117.0,1,0.38,0,106.8,1,108.32,0,108.0,1,104.05,0,13.3,1,126.67,1,6.0,-1,150.0,1,1385.0,-1,49.59,0,94.7,183.53,1,18.9,-1,187.13,1,5072483.6,791.93,0,4.5,118.42,0,15.5,91.72,0,0.8,133.33,0,118256.9,1,150.45,1,258.9,1,125.68,1,693.9,-1,156.67,0,11.3,-1,72.9,0,3234.2,-1,157.59,0,1271.0,-1,132.4,0,4.8,1,39.67,0,51.0,1,128.46,1,0.7,-1,13.46,0,48.4,-1,87.68,0,2357945159.6,1,16.26,0,307490084.98,1,0.64,0,53303625.2,-1,0.89,1,13571615.3,1,0.95,0,2732310485.08,1,3.92,0,293712.0,108.54,0,12.6,1,59.15,1,23.6,64.4,12.0,42.0,1,150.0,1,23.0,1,115.0,0,21.0,1,116.67,0,10
Ярославская область,1227383.0,-1,0.84,1,98.2,1,99.59,0,100.9,1,97.21,0,7.5,-1,71.43,0,3.0,-1,75.0,0,2242.0,-1,80.27,0,45.3,87.79,0,7.6,1,75.25,0,495102.2,77.3,0,3.7,97.37,0,15.8,93.49,0,0.3,50.0,0,89949.9,-1,114.44,0,171.6,-1,83.3,0,434.8,-1,98.17,0,624.4,1,4028.39,1,1270.5,-1,61.91,0,825.0,-1,85.94,1,9.9,-1,81.82,0,31.9,-1,80.35,0,2.3,-1,44.23,0,65.8,1,119.2,1,1205598.3,1,0.01,0,420810277.3,1,0.88,0,46191636.0,1,0.78,0,11331135.7,1,0.79,0,479538647.3,1,0.69,0,247711.0,91.54,0,23.5,1,110.33,0,17.5,55.7,26.8,32.0,1,114.29,0,20.0,-1,100.0,0,22.0,-1,122.22,1,5
